alert,alt_baro,alt_geom,baro_rate,category,dbFlags,emergency,flight,gs,gva,hex,lat,lon,messages,mlat,nac_p,nac_v,nav_altitude_mcp,nav_heading,nav_qnh,nic,nic_baro,r,rc,rssi,sda,seen,seen_pos,sil,sil_type,spi,squawk,t,tisb,track,type,version,Closest Airport Name,Closest Airport Code,Closest Distance (nm)
0.0,ground,25.0,,A2,1,none,C2702   ,10.2,,ae2126,38.669037,-121.39872,11605140,[],10.0,1.0,,,,8.0,,2702,186.0,-17.6,2.0,0.4,0.36,3.0,perhour,0.0,1200.0,C27J,[],,adsb_icao,2.0,McClellan Airfield,KMCC,0.14
0.0,ground,,6.0,A0,1,,C2714   ,84.0,,ae4cf7,38.657509,-121.380852,15474260,"['gs', 'track', 'baro_rate', 'squawk', 'lat', 'lon', 'nic', 'rc']",,,,,,0.0,,2714,0.0,-15.1,,2.1,5.05,,,0.0,1200.0,C27J,[],125.0,mlat,0.0,McClellan Airfield,KMCC,1.12
0.0,25000,26400.0,64.0,A3,1,none,C2012   ,340.6,2.0,ae5deb,35.950432,-84.721245,6960357,[],10.0,1.0,,,,8.0,1.0,2012,186.0,-10.1,2.0,0.1,0.11,3.0,perhour,0.0,5710.0,C30J,[],93.53,adsb_icao,2.0,Crossville Memorial Airport Whitson Field,KCSV,17.72
0.0,ground,-75.0,,A7,1,none,C6542   ,5.8,2.0,ae2683,38.845722,-77.045525,6179017,[],11.0,1.0,,,,9.0,1.0,6542,75.0,-19.2,2.0,0.6,0.62,3.0,perhour,0.0,5145.0,AS65,[],236.31,adsb_icao,2.0,Ronald Reagan Washington National Airport,KDCA,0.53
0.0,-100,25.0,,A7,1,none,C6533   ,18.0,2.0,ae267b,38.846867,-77.04425,4195859,[],11.0,1.0,,,,10.0,1.0,6533,25.0,-11.1,2.0,0.3,0.63,3.0,perhour,0.0,5145.0,AS65,[],213.69,adsb_icao,2.0,Ronald Reagan Washington National Airport,KDCA,0.44
0.0,ground,25.0,,A7,1,none,C6511   ,12.2,2.0,ae2665,39.449696,-74.563148,2913960,[],11.0,1.0,,,,10.0,1.0,6511,25.0,-13.7,2.0,0.5,0.45,3.0,perhour,0.0,1154.0,AS65,[],108.43,adsb_icao,2.0,Atlantic City International Airport,KACY,0.81
0.0,18325,18525.0,,A3,1,none,C2010   ,317.6,2.0,ae57d4,57.405853,-154.671707,12451579,[],10.0,2.0,8000.0,53.44,1012.8,10.0,1.0,2010,25.0,-13.1,2.0,0.0,0.04,3.0,perhour,0.0,5256.0,C30J,[],68.77,adsb_icao,2.0,Kodiak Airport,PADQ,73.33
0.0,1325,1450.0,-128.0,A2,1,none,C2317   ,151.0,2.0,ae4bf1,25.866657,-80.577637,8213352,[],10.0,1.0,1504.0,87.19,1020.0,8.0,1.0,2317,186.0,-16.3,3.0,0.4,0.4,3.0,perhour,0.0,4426.0,CN35,[],73.85,adsb_icao,2.0,Miami Executive Airport,KTMB,15.26
0.0,350,450.0,,A7,1,none,C6582   ,97.3,2.0,ae26a8,25.905396,-80.137901,5862528,[],11.0,1.0,,,,10.0,1.0,6582,25.0,-12.9,2.0,0.2,0.18,3.0,perhour,0.0,4425.0,AS65,[],274.71,adsb_icao,2.0,Miami-Opa Locka Executive Airport,KOPF,7.6
0.0,250,275.0,,A7,1,none,C6605   ,63.1,2.0,ae26bc,39.458794,-74.563843,4836216,[],11.0,1.0,,,,10.0,1.0,6605,25.0,-2.7,2.0,0.4,0.93,3.0,perhour,0.0,4434.0,AS65,[],176.37,adsb_icao,2.0,Atlantic City International Airport,KACY,0.62
0.0,5825,6050.0,-192.0,A2,1,none,C2312   ,182.3,2.0,ae270a,39.650711,-84.242088,11723235,[],10.0,1.0,6016.0,234.84,1019.2,8.0,1.0,2312,186.0,-6.9,3.0,0.0,0.0,3.0,perhour,0.0,4042.0,CN35,[],31.77,adsb_icao,2.0,Wright-Patterson Air Force Base,KFFO,13.82
0.0,-25,75.0,,A7,1,none,C6516   ,26.0,2.0,ae266a,32.009411,-81.125679,4261679,[],11.0,1.0,,,,10.0,1.0,6516,25.0,-16.7,2.0,0.1,0.1,3.0,perhour,0.0,1200.0,AS65,[],272.2,adsb_icao,2.0,Hunter Army Air Field,KSVN,1.02
0.0,300,400.0,,A7,1,none,C6584   ,63.6,2.0,ae26aa,29.54624,-95.153557,5791014,[],11.0,1.0,,,,10.0,1.0,6584,25.0,-5.2,2.0,0.0,0.28,3.0,perhour,0.0,446.0,AS65,[],36.69,adsb_icao,2.0,Ellington Airport,KEFD,3.66
0.0,4025,4050.0,,A7,1,none,C6059   ,135.1,2.0,ae6ced,43.251358,-83.514404,2412893,[],11.0,1.0,,,,9.0,1.0,6059,75.0,-7.1,2.0,0.0,0.42,3.0,perhour,0.0,5756.0,H60,[],315.3,adsb_icao,2.0,Bishop International Airport,KFNT,19.89
0.0,1450,1525.0,,A7,1,none,C6527   ,107.7,2.0,ae2675,42.462799,-83.157387,5798330,[],11.0,1.0,,,,9.0,1.0,6527,75.0,-11.4,2.0,0.2,0.21,3.0,perhour,0.0,4421.0,AS65,[],58.67,adsb_icao,2.0,Coleman A. Young Municipal Airport,KDET,7.3
0.0,375,500.0,,A7,1,none,C6579   ,116.0,2.0,ae26a5,25.907763,-80.226448,5340262,[],11.0,1.0,,,,10.0,1.0,6579,25.0,-17.0,2.0,0.0,0.03,3.0,perhour,0.0,1277.0,AS65,[],269.51,adsb_icao,2.0,Miami-Opa Locka Executive Airport,KOPF,2.81
0.0,1000,950.0,,A7,1,none,C6052   ,121.5,2.0,ae4e04,36.563896,-76.200356,2777397,[],11.0,1.0,,,,10.0,1.0,6052,25.0,-29.0,2.0,5.3,14.37,3.0,perhour,0.0,1200.0,H60,[],174.81,adsb_icao,2.0,Oceana Naval Air Station,KNTU,17.37
0.0,400,350.0,-192.0,A7,1,none,C6553   ,85.5,2.0,ae268b,27.782003,-97.429291,4468236,[],11.0,1.0,,,,9.0,1.0,6553,75.0,-13.6,2.0,0.8,1.07,3.0,perhour,0.0,4430.0,AS65,"['callsign', 'baro_rate']",245.83,adsb_icao,2.0,Corpus Christi International Airport,KCRP,3.89
0.0,325,425.0,,A7,1,none,C6525   ,96.0,2.0,ae2673,30.125862,-81.86528,2719457,[],11.0,1.0,,,,10.0,1.0,6525,25.0,-13.1,2.0,0.0,0.0,3.0,perhour,0.0,1200.0,AS65,[],270.0,adsb_icao,2.0,Cecil Airport,KVQQ,5.59
0.0,2050,2200.0,,A7,1,none,C6038   ,113.5,2.0,ae2915,18.016415,-66.680489,857020,[],11.0,1.0,,,,10.0,1.0,6038,25.0,-8.5,2.0,1.9,3.08,3.0,perhour,0.0,4421.0,H60,[],67.73,adsb_icao,2.0,Homestead ARB Airport,KHST,885.3
0.0,400,550.0,,A7,1,none,C6565   ,77.9,2.0,ae2697,32.037994,-81.126862,4251144,[],11.0,1.0,,,,10.0,1.0,6565,25.0,-8.7,2.0,0.1,0.29,3.0,perhour,0.0,1200.0,AS65,[],261.14,adsb_icao,2.0,Hunter Army Air Field,KSVN,1.93
0.0,750,800.0,,A7,1,none,C6606   ,84.1,2.0,ae26bd,38.817955,-76.904541,5894437,[],11.0,1.0,,,,10.0,1.0,6606,25.0,-4.9,2.0,0.3,0.33,3.0,perhour,0.0,5147.0,AS65,[],272.73,adsb_icao,2.0,Joint Base Andrews,KADW,1.81
0.0,7400,,0.0,,1,,,236.0,,ae223f,27.081736,-97.179573,8650697,"['gs', 'track', 'baro_rate', 'squawk', 'lat', 'lon', 'nic', 'rc']",,,,,,0.0,,2308,0.0,-21.8,,1.1,19.03,,,0.0,4422.0,CN35,[],336.0,mlat,,Naval Air Station Corpus Christi Truax Field,KNGP,37.03
0.0,1875,2000.0,,A7,1,none,C6041   ,121.0,2.0,ae2918,29.970657,-90.074699,4306983,[],11.0,1.0,,,,9.0,1.0,6041,75.0,-2.7,2.0,0.3,0.34,3.0,perhour,0.0,423.0,H60,[],178.58,adsb_icao,2.0,Lakefront Airport,KNEW,4.93
0.0,4925,5175.0,,A7,1,none,C6029   ,154.4,2.0,ae290c,36.037537,-76.677933,2590214,[],10.0,1.0,,,,10.0,1.0,6029,25.0,-15.7,2.0,0.7,0.66,3.0,perhour,0.0,2675.0,H60,[],60.95,adsb_icao,2.0,Elizabeth City Regional Airport & Coast Guard Air Station,KECG,27.87
0.0,2775,3075.0,,A3,1,none,C2008   ,222.0,2.0,ae57d2,36.546997,-76.54081,8751633,[],10.0,2.0,,283.36,1022.4,10.0,1.0,2008,25.0,-21.5,2.0,0.0,0.3,3.0,perhour,0.0,5343.0,C30J,[],134.64,adsb_icao,2.0,Elizabeth City Regional Airport & Coast Guard Air Station,KECG,24.68
0.0,525,600.0,,A7,1,none,C6570   ,121.5,2.0,ae269c,29.525944,-95.16185,5471087,[],11.0,1.0,,,,10.0,1.0,6570,25.0,-9.4,2.0,0.1,0.08,3.0,perhour,0.0,1200.0,AS65,[],337.23,adsb_icao,2.0,Ellington Airport,KEFD,4.87
0.0,1350,1525.0,,A7,1,none,C6585   ,144.0,2.0,ae26ab,30.429062,-88.365135,1926207,[],11.0,1.0,,,,10.0,1.0,6585,25.0,-26.5,2.0,0.2,0.23,3.0,perhour,0.0,1200.0,AS65,[],11.62,adsb_icao,2.0,Mobile Regional Airport,KMOB,16.92
0.0,-25,25.0,0.0,A7,1,,C6595   ,20.0,,ae26b5,25.08337,-80.145264,2781208,[],10.0,1.0,,,,10.0,,6595,25.0,-29.9,,0.9,7.21,2.0,perhour,0.0,1200.0,AS65,[],143.13,adsb_icao,0.0,Homestead ARB Airport,KHST,27.49
0.0,0,250.0,,A7,1,none,C6063   ,92.2,2.0,af8434,45.580647,-123.963272,2547276,[],11.0,1.0,,,,10.0,1.0,6063,25.0,-22.7,2.0,0.0,0.34,3.0,perhour,0.0,1200.0,H60,[],356.27,adsb_icao,2.0,Astoria Regional Airport,KAST,34.83
0.0,1300,1325.0,-256.0,A7,1,none,C6559   ,74.0,2.0,ae2691,37.581528,-122.438538,13411642,[],11.0,1.0,,,,9.0,1.0,6559,75.0,-9.3,2.0,0.0,0.04,3.0,perhour,0.0,1200.0,AS65,['baro_rate'],108.92,adsb_icao,2.0,San Francisco International Airport,KSFO,3.81
0.0,1050,925.0,,A7,1,none,C6531   ,116.8,2.0,ae2679,37.534149,-122.371101,11185444,[],11.0,1.0,,,,9.0,1.0,6531,75.0,-7.1,2.0,0.2,0.49,3.0,perhour,0.0,322.0,AS65,[],318.12,adsb_icao,2.0,San Francisco International Airport,KSFO,5.14
0.0,1250,1375.0,,A7,1,none,C6512   ,143.4,2.0,ae2666,30.671448,-88.411987,2538924,[],11.0,1.0,,,,9.0,1.0,6512,75.0,-25.8,2.0,0.2,0.18,3.0,perhour,0.0,361.0,AS65,[],86.0,adsb_icao,2.0,Mobile Regional Airport,KMOB,8.83
0.0,475,375.0,,A7,1,none,C6056   ,108.3,2.0,ae6ceb,32.519852,-117.373367,10901797,[],11.0,1.0,,,,10.0,1.0,6056,25.0,-18.3,2.0,0.1,0.12,3.0,perhour,0.0,1200.0,H60,[],64.86,adsb_icao,2.0,North Island Naval Air Station-Halsey Field,KNZY,13.41
0.0,1675,,-568.0,,1,,C2304   ,237.0,,ae223b,25.777624,-79.782585,5621265,"['gs', 'track', 'baro_rate', 'lat', 'lon', 'nic', 'rc']",,,,,,0.0,,2304,0.0,-10.4,,0.1,0.99,,,0.0,4427.0,CN35,[],302.0,mlat,,Fort Lauderdale Hollywood International Airport,KFLL,26.69
0.0,375,175.0,-128.0,A7,1,none,C6569   ,56.0,2.0,ae269b,32.71463,-117.176933,5039952,[],11.0,1.0,,,,9.0,1.0,6569,75.0,-7.3,2.0,0.1,0.22,3.0,perhour,0.0,1200.0,AS65,['baro_rate'],61.14,adsb_icao,2.0,San Diego International Airport,KSAN,1.31
0.0,725,950.0,,A7,1,none,C6561   ,128.8,2.0,ae2693,32.634979,-80.110825,3976106,[],11.0,1.0,,,,10.0,1.0,6561,25.0,-11.3,2.0,0.1,0.09,3.0,perhour,0.0,1200.0,AS65,[],38.38,adsb_icao,2.0,Charleston International Airport,KCHS,16.18
0.0,575,650.0,,A7,1,none,C6608   ,56.4,2.0,ae26bf,40.948746,-124.088638,4432572,[],11.0,1.0,,,,10.0,1.0,6608,25.0,-8.2,2.0,0.3,0.35,3.0,perhour,0.0,4422.0,AS65,[],334.8,adsb_icao,2.0,California Redwood Coast-Humboldt County Airport,KACV,1.99
0.0,1300,1200.0,,A7,1,none,C6592   ,84.6,2.0,ae26b2,48.15239,-123.412033,5991248,[],11.0,1.0,,,,8.0,1.0,6592,186.0,-4.4,2.0,0.3,0.27,3.0,perhour,0.0,1200.0,AS65,[],57.06,adsb_icao,2.0,William R Fairchild International Airport,KCLM,4.03
0.0,750,775.0,,A7,1,none,C6547   ,97.1,2.0,ae2686,40.991821,-124.076843,4029047,[],11.0,1.0,,,,9.0,1.0,6547,75.0,-8.6,2.0,0.9,0.95,3.0,perhour,0.0,4420.0,AS65,[],214.51,adsb_icao,2.0,California Redwood Coast-Humboldt County Airport,KACV,1.68
0.0,1300,1150.0,,A7,1,none,C6588   ,100.8,2.0,ae26ae,42.121536,-87.704735,5721535,[],11.0,1.0,,,,9.0,1.0,6588,75.0,-11.0,2.0,0.0,0.17,3.0,perhour,0.0,1277.0,AS65,[],337.25,adsb_icao,2.0,Chicago Executive Airport,KPWK,8.8
0.0,5550,,-921.0,A0,1,,C2707   ,198.0,,ae4adf,36.259235,-76.333153,9817449,"['gs', 'track', 'baro_rate', 'squawk', 'lat', 'lon', 'nic', 'rc']",,,,,,0.0,,2707,0.0,-11.0,,0.3,1.46,,,0.0,226.0,C27J,[],249.0,mlat,0.0,Elizabeth City Regional Airport & Coast Guard Air Station,KECG,7.69
0.0,950,1000.0,,A7,1,none,C6039   ,113.8,2.0,ae2916,28.116531,-82.819962,3434279,[],11.0,1.0,,,,9.0,1.0,6039,75.0,-15.2,2.0,0.3,2.15,3.0,perhour,0.0,1200.0,H60,[],192.69,adsb_icao,2.0,St. Petersburg Clearwater International Airport,KPIE,14.21
0.0,0,0.0,,A7,1,,C6517   ,45.2,2.0,ae266b,43.983948,-124.12532,917238,[],11.0,1.0,,,,8.0,1.0,6517,186.0,-10.4,2.0,2.3,2.3,3.0,perhour,0.0,,AS65,[],24.86,adsb_icao,2.0,Southwest Oregon Regional Airport,KOTH,34.41
0.0,200,250.0,,A7,1,none,C6575   ,60.9,2.0,ae26a1,39.374084,-74.392906,3982958,[],11.0,1.0,,,,10.0,1.0,6575,25.0,-9.3,2.0,0.3,1.77,3.0,perhour,0.0,4434.0,AS65,[],293.2,adsb_icao,2.0,Atlantic City International Airport,KACY,9.92
0.0,425,325.0,,A7,1,,C6572   ,87.3,,ae269e,30.695057,-88.248611,2651635,[],,1.0,,,,10.0,,6572,25.0,-27.1,,57.3,60.08,,,0.0,,AS65,[],71.98,adsb_icao,2.0,Mobile Regional Airport,KMOB,0.38
0.0,1400,1425.0,-64.0,A2,1,none,C2303   ,202.2,2.0,ae223a,18.637161,-66.227257,7490725,[],9.0,1.0,1504.0,267.89,1016.8,8.0,1.0,2303,186.0,-27.0,3.0,4.7,13.28,3.0,perhour,0.0,1277.0,CN35,[],267.73,adsb_icao,2.0,Homestead ARB Airport,KHST,888.1
0.0,-25,-25.0,-62.0,A7,1,,C6563   ,43.0,,ae2695,27.776594,-97.496254,4002851,[],,,,,,0.0,,6563,0.0,-49.5,,0.8,0.78,,,0.0,,AS65,[],180.0,other,2.0,Corpus Christi International Airport,KCRP,0.45
0.0,250,175.0,,A7,1,none,C6506   ,57.7,2.0,ae2660,39.351059,-74.397743,3483608,[],10.0,1.0,,,,8.0,1.0,6506,186.0,-16.4,2.0,0.1,1.22,3.0,perhour,0.0,4446.0,AS65,[],27.9,adsb_icao,2.0,Atlantic City International Airport,KACY,10.51
0.0,,800.0,,A3,1,none,C2016   ,131.1,2.0,ae5def,36.263123,-76.240028,12789010,[],10.0,2.0,,76.64,1019.2,10.0,1.0,2016,25.0,-2.9,2.0,9.4,39.24,3.0,perhour,0.0,1200.0,C30J,[],92.62,adsb_icao,2.0,Elizabeth City Regional Airport & Coast Guard Air Station,KECG,3.18
,ground,,,A7,1,,C6530   ,8.2,,ae2678,32.023613,-81.139626,3805436,[],11.0,1.0,,,,9.0,,6530,75.0,-15.5,2.0,0.9,0.92,3.0,perhour,,,AS65,[],,adsb_icao,2.0,Hunter Army Air Field,KSVN,0.87
0.0,7750,8050.0,,A7,1,none,C6562   ,97.7,2.0,ae2694,39.327621,-120.149353,12229399,[],11.0,1.0,,,,10.0,1.0,6562,25.0,-16.0,2.0,0.7,2.87,3.0,perhour,0.0,1200.0,AS65,[],70.27,adsb_icao,2.0,Truckee Tahoe Airport,KTRK,0.68
0.0,9875,,0.0,,1,,,169.0,,ae223d,27.32114,-97.462578,6508573,"['gs', 'track', 'baro_rate', 'squawk', 'lat', 'lon', 'nic', 'rc']",,,,,,0.0,,2306,0.0,-15.3,,0.9,1.61,,,0.0,4554.0,CN35,[],176.0,mlat,,Kingsville Naval Air Station,KNQI,21.62
0.0,3300,3375.0,,A7,1,none,C6603   ,110.4,2.0,ae26ba,39.536407,-123.391632,4277651,[],11.0,1.0,,,,9.0,1.0,6603,75.0,-11.7,2.0,2.2,2.19,3.0,perhour,0.0,4421.0,AS65,[],343.7,adsb_icao,2.0,Ukiah Municipal Airport,KUKI,26.15
0.0,3875,4075.0,0.0,A2,1,none,C2706   ,220.3,2.0,ae2731,28.02389,-82.837181,15165745,[],10.0,1.0,4000.0,31.64,1017.6,8.0,1.0,2706,186.0,-17.4,2.0,0.0,0.33,3.0,perhour,0.0,23.0,C27J,[],353.75,adsb_icao,2.0,St. Petersburg Clearwater International Airport,KPIE,10.47
0.0,625,925.0,-192.0,A7,1,none,C6507   ,76.9,2.0,ae2661,21.31422,-158.081512,3779614,[],11.0,1.0,,,,10.0,1.0,6507,25.0,-8.9,2.0,0.5,0.51,3.0,perhour,0.0,1200.0,AS65,['baro_rate'],242.1,adsb_icao,2.0,Kalaeloa Airport,PHJR,0.76
0.0,ground,-50.0,,A3,1,none,C101    ,12.2,,ae10c1,38.847004,-77.039261,10974986,[],10.0,1.0,,,,8.0,,1,186.0,-12.4,2.0,0.8,0.76,3.0,perhour,0.0,2256.0,GLF5,[],,adsb_icao,2.0,Ronald Reagan Washington National Airport,KDCA,0.31
0.0,450,175.0,0.0,A7,1,none,C6023   ,22.0,2.0,ae2907,41.661598,-70.52533,6494771,[],11.0,1.0,,,,9.0,1.0,6023,75.0,-12.2,2.0,8.0,20.5,3.0,perhour,0.0,1200.0,H60,[],329.93,adsb_icao,2.0,Cape Cod Gateway Airport,KHYA,11.02
0.0,-75,-75.0,0.0,A3,1,none,C102    ,56.1,2.0,ae109a,38.850403,-77.037628,9324116,[],10.0,2.0,2720.0,,1016.8,8.0,1.0,2,186.0,-6.5,2.0,1.8,8.56,3.0,perhour,0.0,1071.0,GLF5,[],175.91,adsb_icao,2.0,Ronald Reagan Washington National Airport,KDCA,0.1
0.0,1350,1500.0,64.0,A2,1,none,C2316   ,210.1,2.0,ae4bf0,25.900085,-80.040321,8142832,[],10.0,1.0,1504.0,87.19,1019.2,8.0,1.0,2316,186.0,-11.6,3.0,0.0,0.21,3.0,perhour,0.0,4426.0,CN35,[],313.65,adsb_icao,2.0,Fort Lauderdale Hollywood International Airport,KFLL,11.98
0.0,2875,2925.0,-64.0,A2,1,none,C2302   ,198.9,2.0,ae2238,41.929413,-70.240654,8831711,[],10.0,1.0,3008.0,259.45,1018.4,8.0,1.0,2302,186.0,-13.0,3.0,0.1,0.14,3.0,perhour,0.0,5327.0,CN35,[],260.16,adsb_icao,2.0,Cape Cod Gateway Airport,KHYA,15.7
0.0,375,450.0,0.0,A7,1,none,C6573   ,131.0,2.0,ae269f,26.092436,-80.476753,6109261,[],11.0,1.0,,,,10.0,1.0,6573,25.0,-8.6,2.0,0.3,0.29,3.0,perhour,0.0,4423.0,AS65,['baro_rate'],159.9,adsb_icao,2.0,Miami-Opa Locka Executive Airport,KOPF,15.43
0.0,1250,1450.0,-64.0,A2,1,none,C2310   ,171.8,2.0,ae2708,30.183634,-88.122765,9804521,[],10.0,1.0,1504.0,353.67,1023.2,8.0,1.0,2310,186.0,-16.1,3.0,1.1,13.13,3.0,perhour,0.0,4422.0,CN35,[],351.63,adsb_icao,2.0,Mobile Downtown Airport,KBFM,26.68
0.0,-150,-25.0,,A7,1,none,C6597   ,8.3,2.0,ae26b7,25.792099,-79.86364,3231658,[],11.0,1.0,,,,10.0,1.0,6597,25.0,-26.3,2.0,0.3,0.29,3.0,perhour,0.0,1200.0,AS65,[],165.96,adsb_icao,2.0,Fort Lauderdale Hollywood International Airport,KFLL,22.94
0.0,1025,1050.0,,A7,1,none,C6520   ,102.1,2.0,ae266e,12.235703,-68.899101,3505613,[],11.0,1.0,,,,10.0,1.0,6520,25.0,-6.7,2.0,0.2,0.22,3.0,perhour,0.0,1732.0,AS65,[],165.83,adsb_icao,2.0,The Florida Keys Marathon Airport,KMTH,1017.27
0.0,2800,3000.0,,A3,1,none,C2017   ,185.6,2.0,ae5df0,36.189789,-76.070992,9186650,[],10.0,2.0,,130.08,1020.0,10.0,1.0,2017,25.0,-12.8,2.0,0.6,0.91,3.0,perhour,0.0,5536.0,C30J,[],115.87,adsb_icao,2.0,Elizabeth City Regional Airport & Coast Guard Air Station,KECG,6.58
0.0,5500,5775.0,-1216.0,A3,1,none,C2013   ,251.2,2.0,ae5dec,36.348541,-76.524124,13505900,[],10.0,1.0,,,,8.0,1.0,2013,186.0,-8.1,2.0,0.0,0.47,3.0,perhour,0.0,2146.0,C30J,[],107.14,adsb_icao,2.0,Elizabeth City Regional Airport & Coast Guard Air Station,KECG,17.75
0.0,125,300.0,,A7,1,none,C6587   ,124.0,2.0,ae26ad,48.152191,-122.945671,4615748,[],11.0,1.0,,,,9.0,1.0,6587,75.0,-16.2,2.0,14.3,14.28,3.0,perhour,0.0,1200.0,AS65,[],270.0,adsb_icao,2.0,Whidbey Island Naval Air Station (Ault Field),KNUW,16.69
0.0,150,75.0,384.0,A7,1,none,C6040   ,116.6,2.0,ae2917,32.716507,-117.182755,3462383,[],11.0,1.0,,,,10.0,1.0,6040,25.0,-4.5,2.0,0.1,0.49,3.0,perhour,0.0,1200.0,H60,['baro_rate'],84.09,adsb_icao,2.0,San Diego International Airport,KSAN,1.09
0.0,-150,-50.0,-64.0,A7,1,,C6046   ,5.4,,ae4dfe,46.156082,-123.885651,1306631,[],0.0,0.0,,,,0.0,,6046,0.0,-10.1,,40.1,40.13,0.0,perhour,0.0,,H60,"['callsign', 'altitude', 'alt_geom', 'gs', 'track', 'baro_rate', 'lat', 'lon', 'nic', 'rc', 'nac_p', 'nac_v', 'sil', 'sil_type']",201.8,tisb_icao,,Astoria Regional Airport,KAST,0.3
0.0,75,225.0,-2176.0,A7,1,none,C6060   ,79.0,2.0,ae6cee,36.260834,-76.169533,1621354,[],11.0,1.0,,,,10.0,1.0,6060,25.0,-6.6,2.0,3.2,6.55,3.0,perhour,0.0,1200.0,H60,[],270.73,adsb_icao,2.0,Elizabeth City Regional Airport & Coast Guard Air Station,KECG,0.25
0.0,800,825.0,-640.0,A2,1,none,C2315   ,110.1,2.0,ae4bef,30.739426,-88.277084,7087732,[],10.0,1.0,1504.0,144.14,1016.8,8.0,1.0,2315,186.0,-27.8,3.0,0.6,0.92,3.0,perhour,0.0,1065.0,CN35,[],182.6,adsb_icao,2.0,Mobile Regional Airport,KMOB,3.39
0.0,1025,,-1231.0,,1,,C2314   ,165.0,,ae4bee,41.679317,-70.49015,7365025,"['callsign', 'gs', 'track', 'baro_rate', 'squawk', 'lat', 'lon', 'nic', 'rc']",,,,,,0.0,,2314,0.0,-6.1,,0.2,3.03,,,0.0,4422.0,CN35,[],272.0,mlat,,Cape Cod Gateway Airport,KHYA,9.45
0.0,275,350.0,,A7,1,none,6025    ,128.6,2.0,ae2909,27.712034,-82.740891,2471096,[],11.0,1.0,,,,10.0,1.0,6025,25.0,-2.9,2.0,0.6,0.83,3.0,perhour,0.0,1200.0,H60,[],354.64,adsb_icao,2.0,St. Petersburg Clearwater International Airport,KPIE,12.19
0.0,275,325.0,,A7,1,none,C6518   ,68.2,2.0,ae266c,30.212128,-81.876152,3263393,[],11.0,1.0,,,,10.0,1.0,6518,25.0,-4.2,2.0,0.4,0.39,3.0,perhour,0.0,1200.0,AS65,[],355.79,adsb_icao,2.0,Cecil Airport,KVQQ,0.39
0.0,-100,0.0,,A7,1,,C6539   ,47.9,2.0,ae2681,30.039555,-81.686264,704219,[],11.0,1.0,,,,10.0,1.0,6539,25.0,-15.6,2.0,1.6,1.57,3.0,perhour,0.0,,AS65,[],246.64,adsb_icao,2.0,Jacksonville Naval Air Station (Towers Field),KNIP,11.75
0.0,75,225.0,,A7,1,none,C6503   ,68.6,2.0,ae265d,30.033409,-81.675163,541275,[],11.0,1.0,,,,10.0,1.0,6503,25.0,-16.2,2.0,0.3,0.31,3.0,perhour,0.0,1200.0,AS65,[],352.46,adsb_icao,2.0,Jacksonville Naval Air Station (Towers Field),KNIP,12.12
0.0,325,175.0,384.0,A7,1,none,C6026   ,62.1,2.0,ae290a,32.565125,-117.248734,5071006,[],10.0,1.0,,,,8.0,1.0,6026,186.0,-5.7,2.0,0.4,2.0,3.0,perhour,0.0,1200.0,H60,['baro_rate'],213.18,adsb_icao,2.0,North Island Naval Air Station-Halsey Field,KNZY,8.21
0.0,25000,23975.0,,A3,1,none,C2003   ,340.9,2.0,ae10e9,59.51387,-151.847351,1995456,[],10.0,2.0,,169.45,1012.8,10.0,1.0,2003,25.0,-27.7,2.0,0.1,0.17,3.0,perhour,0.0,4774.0,C30J,[],186.06,adsb_icao,2.0,Homer Airport,PAHO,13.71
0.0,2300,2425.0,,A7,1,none,C6033   ,138.0,2.0,ae2910,18.123949,-66.625702,1053790,[],10.0,1.0,,,,9.0,1.0,6033,75.0,-13.2,2.0,38.1,38.11,3.0,perhour,0.0,4420.0,H60,[],336.96,adsb_icao,2.0,Homestead ARB Airport,KHST,884.49
0.0,775,550.0,,A7,1,none,C6604   ,97.0,2.0,ae26bb,40.643314,-74.644608,5471424,[],11.0,1.0,,,,9.0,1.0,6604,75.0,-15.0,2.0,0.2,0.23,3.0,perhour,0.0,4442.0,AS65,[],181.77,adsb_icao,2.0,Morristown Municipal Airport,KMMU,14.04
,ground,,,A7,1,none,C6006   ,5.8,,ae27f7,27.913198,-82.694328,2042577,[],11.0,1.0,,,,9.0,,6006,75.0,-2.5,2.0,0.3,0.34,3.0,perhour,,112.0,H60,[],,adsb_icao,2.0,St. Petersburg Clearwater International Airport,KPIE,0.41
0.0,3050,2925.0,0.0,A3,1,none,C2009   ,172.1,2.0,ae57d3,33.438309,-117.999481,7091745,[],10.0,1.0,,,,8.0,1.0,2009,186.0,-9.9,2.0,0.0,0.32,3.0,perhour,0.0,5220.0,C30J,[],357.67,adsb_icao,2.0,John Wayne Orange County International Airport,KSNA,15.67
0.0,375,550.0,,A7,1,none,C6591   ,115.1,2.0,ae26b1,21.259476,-158.080185,3299416,[],11.0,1.0,,,,10.0,1.0,6591,25.0,-11.2,2.0,0.2,0.23,3.0,perhour,0.0,1200.0,AS65,[],352.01,adsb_icao,2.0,Kalaeloa Airport,PHJR,2.92
0.0,950,975.0,-384.0,A7,1,none,C6578   ,130.1,2.0,ae26a4,42.644459,-82.839661,6868374,[],11.0,1.0,,,,10.0,1.0,6578,25.0,-9.0,2.0,0.3,0.44,3.0,perhour,0.0,4426.0,AS65,['baro_rate'],146.92,adsb_icao,2.0,Selfridge Air National Guard Base Airport,KMTC,1.86
0.0,1850,2025.0,,A7,1,none,C6577   ,113.4,2.0,ae26a3,30.801727,-88.361694,2323458,[],11.0,1.0,,,,10.0,1.0,6577,25.0,-28.3,2.0,0.1,0.12,3.0,perhour,0.0,4665.0,AS65,[],95.06,adsb_icao,2.0,Mobile Regional Airport,KMOB,9.03
0.0,5375,5725.0,-192.0,A2,1,none,C2318   ,199.5,2.0,ae4bf2,30.671402,-88.699463,7287220,[],10.0,1.0,5504.0,86.48,1020.0,8.0,1.0,2318,186.0,-12.1,3.0,0.1,0.66,3.0,perhour,0.0,5262.0,CN35,[],54.8,adsb_icao,2.0,Keesler Air Force Base,KBIX,19.49
0.0,2225,2150.0,-256.0,A2,1,none,C2309   ,185.2,2.0,ae2707,41.829235,-70.421532,10426940,[],10.0,1.0,2016.0,218.67,1013.6,8.0,1.0,2309,186.0,-17.0,3.0,0.2,0.16,3.0,perhour,0.0,161.0,CN35,[],87.52,adsb_icao,2.0,Cape Cod Gateway Airport,KHYA,11.5
0.0,1125,1175.0,,A7,1,none,C6586   ,125.0,2.0,ae26ac,30.338186,-88.145233,1487907,[],11.0,1.0,,,,9.0,1.0,6586,75.0,-26.4,2.0,0.2,0.22,3.0,perhour,0.0,1200.0,AS65,[],339.39,adsb_icao,2.0,Mobile Downtown Airport,KBFM,17.73
0.0,2050,2200.0,,A7,1,none,C6590   ,133.2,2.0,ae26b0,44.156342,-124.059402,1057788,[],11.0,1.0,,,,10.0,1.0,6590,25.0,-4.6,2.0,0.0,0.0,3.0,perhour,0.0,1200.0,AS65,[],190.38,adsb_icao,2.0,Newport Municipal Airport,KONP,25.44
0.0,400,525.0,,A7,1,none,C6036   ,127.4,2.0,ae2913,27.753479,-82.725182,4193996,[],11.0,1.0,,,,10.0,1.0,6036,25.0,-4.6,2.0,0.2,0.24,3.0,perhour,0.0,115.0,H60,[],15.02,adsb_icao,2.0,St. Petersburg Clearwater International Airport,KPIE,9.59
0.0,850,825.0,768.0,A7,1,none,C6560   ,54.0,2.0,ae2692,42.598434,-82.83741,7160264,[],11.0,1.0,,,,10.0,1.0,6560,25.0,-9.2,2.0,0.2,0.61,3.0,perhour,0.0,4427.0,AS65,['baro_rate'],182.12,adsb_icao,2.0,Selfridge Air National Guard Base Airport,KMTC,0.9
0.0,5350,5700.0,-64.0,A2,1,none,C2307   ,160.4,2.0,ae223e,25.526321,-78.776955,7353680,[],10.0,1.0,5504.0,319.92,1018.4,8.0,1.0,2307,186.0,-23.9,3.0,0.0,0.02,3.0,perhour,0.0,1277.0,CN35,[],320.06,adsb_icao,2.0,Fort Lauderdale Hollywood International Airport,KFLL,81.35
0.0,9275,9650.0,-1088.0,A2,1,none,C2705   ,212.4,2.0,ae2730,34.092068,-96.399818,791814,[],10.0,1.0,6016.0,357.89,1019.2,8.0,1.0,2705,186.0,-11.0,2.0,0.1,0.89,3.0,perhour,0.0,1315.0,C27J,[],281.68,adsb_icao,2.0,Durant Regional Airport - Eaker Field,KDUA,9.13
0.0,20000,20425.0,,A3,1,none,C2006   ,318.0,2.0,ae10ec,59.327042,-149.835022,2319711,[],10.0,2.0,,260.16,1012.8,10.0,1.0,2006,25.0,-25.3,2.0,0.6,1.9,3.0,perhour,0.0,5303.0,C30J,[],221.81,adsb_icao,2.0,Seward Airport,PAWD,49.96
0.0,3125,3125.0,,A7,1,none,        ,128.1,2.0,ae4a4c,58.203564,-135.02179,34724,[],9.0,1.0,,,,9.0,1.0,6045,75.0,-23.9,2.0,0.3,0.33,3.0,perhour,0.0,1200.0,H60,[],280.34,adsb_icao,2.0,Juneau International Airport,PAJN,16.8
0.0,925,1000.0,0.0,A7,1,none,C6030   ,100.7,2.0,ae290d,36.269348,-76.10321,3522234,[],10.0,1.0,,,,9.0,1.0,6030,75.0,-6.2,2.0,0.3,0.32,3.0,perhour,0.0,1200.0,H60,[],242.16,adsb_icao,2.0,Elizabeth City Regional Airport & Coast Guard Air Station,KECG,3.5
0.0,400,200.0,,A7,1,none,C6055   ,108.8,2.0,ae6ce9,33.921684,-118.822289,11715976,[],11.0,1.0,,,,9.0,1.0,6055,75.0,-19.7,2.0,0.1,0.08,3.0,perhour,0.0,1200.0,H60,[],306.03,adsb_icao,2.0,Point Mugu Naval Air Station (Naval Base Ventura Co),KNTD,19.06
0.0,400,450.0,,A7,1,none,C6534   ,98.2,2.0,ae267c,29.424179,-95.140739,6681596,[],11.0,1.0,,,,9.0,1.0,6534,75.0,-7.8,2.0,0.0,0.0,3.0,perhour,0.0,1200.0,AS65,[],356.5,adsb_icao,2.0,Ellington Airport,KEFD,11.0
0.0,1100,1225.0,,A7,1,none,C6598   ,128.2,2.0,ae26b8,30.629242,-88.026878,2045371,[],11.0,1.0,,,,10.0,1.0,6598,25.0,-17.6,2.0,0.6,0.61,3.0,perhour,0.0,751.0,AS65,[],286.31,adsb_icao,2.0,Mobile Downtown Airport,KBFM,2.14
0.0,4500,4375.0,,A7,1,none,C6034   ,130.3,2.0,ae2911,57.913193,-155.794189,55149,[],11.0,1.0,,,,9.0,1.0,6034,75.0,-14.6,2.0,0.2,0.21,3.0,perhour,0.0,5553.0,H60,[],104.68,adsb_icao,2.0,Egegik Airport,PAII,52.97
0.0,1325,,0.0,,1,,C2311   ,181.0,,ae2709,25.919373,-79.924332,8540189,"['callsign', 'gs', 'track', 'baro_rate', 'squawk', 'lat', 'lon', 'nic', 'rc']",,,,,,0.0,,2311,0.0,-8.9,,0.2,2.35,,,0.0,4424.0,CN35,[],269.0,mlat,,Fort Lauderdale Hollywood International Airport,KFLL,15.38
0.0,ground,,,A2,1,none,C2709   ,13.8,,ae4ae1,27.912071,-82.693497,15943935,[],10.0,1.0,,,,8.0,,2709,186.0,-2.3,2.0,0.3,0.28,3.0,perhour,0.0,151.0,C27J,[],,adsb_icao,2.0,St. Petersburg Clearwater International Airport,KPIE,0.34
0.0,150,150.0,,A7,1,none,C6502   ,65.1,2.0,ae265c,39.41478,-74.512505,3766144,[],11.0,1.0,,,,9.0,1.0,6502,75.0,-16.3,2.0,0.1,0.05,3.0,perhour,0.0,4431.0,AS65,[],79.38,adsb_icao,2.0,Atlantic City International Airport,KACY,3.95
0.0,575,700.0,,A7,1,none,C6011   ,66.2,2.0,ae27fc,41.655407,-70.519257,6322673,[],11.0,1.0,,,,9.0,1.0,6011,75.0,-4.9,2.0,0.0,0.19,3.0,perhour,0.0,1200.0,H60,[],165.12,adsb_icao,2.0,Cape Cod Gateway Airport,KHYA,10.77
0.0,150,125.0,,A7,1,none,C6567   ,50.2,2.0,ae2699,37.63269,-122.394081,11885496,[],11.0,1.0,,,,9.0,1.0,6567,75.0,-6.2,2.0,0.0,0.54,3.0,perhour,0.0,1277.0,AS65,[],314.19,adsb_icao,2.0,San Francisco International Airport,KSFO,1.2
1.0,16800,16675.0,,A3,1,none,C2005   ,337.1,2.0,ae10eb,57.636017,-153.567581,1743201,[],10.0,2.0,,60.47,1015.2,10.0,1.0,2005,25.0,-27.1,2.0,4.3,9.78,3.0,perhour,0.0,1200.0,C30J,[],69.15,adsb_icao,2.0,Kodiak Airport,PADQ,35.24
0.0,7200,7650.0,,A3,1,none,C2015   ,222.5,2.0,ae5dee,26.21673,-97.56266,12431383,[],10.0,2.0,,0.0,1016.0,10.0,1.0,2015,25.0,-20.8,2.0,0.5,0.52,3.0,perhour,0.0,4166.0,C30J,[],35.12,adsb_icao,2.0,Valley International Airport,KHRL,5.0
0.0,100,150.0,0.0,A7,1,none,C6051   ,46.2,2.0,ae4e03,27.972309,-82.84343,2741133,[],11.0,1.0,,,,9.0,1.0,6051,75.0,-3.6,2.0,0.2,0.19,3.0,perhour,0.0,1200.0,H60,[],175.03,adsb_icao,2.0,St. Petersburg Clearwater International Airport,KPIE,9.09
0.0,-75,25.0,,A7,1,none,C6564   ,20.0,2.0,ae2696,30.218948,-81.888695,1359292,[],11.0,1.0,,,,10.0,1.0,6564,25.0,-25.4,2.0,5.9,5.87,3.0,perhour,0.0,1200.0,AS65,[],270.0,adsb_icao,2.0,Cecil Airport,KVQQ,0.62
0.0,1500,1475.0,,A7,1,none,C6031   ,104.7,2.0,ae290e,41.732079,-70.444077,7045302,[],11.0,1.0,,,,10.0,1.0,6031,25.0,-8.7,2.0,0.0,0.0,3.0,perhour,0.0,1200.0,H60,[],206.08,adsb_icao,2.0,Cape Cod Gateway Airport,KHYA,8.26
0.0,1450,1425.0,-192.0,A2,1,none,CGR2713 ,147.5,2.0,ae4ae5,38.636261,-121.35038,28721147,[],10.0,1.0,1408.0,68.2,1015.2,8.0,1.0,2713,186.0,-5.6,2.0,0.3,0.34,3.0,perhour,0.0,1200.0,C27J,['geom_rate'],184.67,adsb_icao,2.0,McClellan Airfield,KMCC,3.03
0.0,ground,-25.0,,A7,1,none,C6545   ,5.8,2.0,ae2685,38.846062,-77.046249,4890050,[],9.0,1.0,,,,8.0,1.0,6545,186.0,-13.5,2.0,0.3,0.32,3.0,perhour,0.0,5147.0,AS65,[],225.0,adsb_icao,2.0,Ronald Reagan Washington National Airport,KDCA,0.54
0.0,2900,3050.0,-448.0,A2,1,none,C2711   ,215.9,2.0,ae4ae3,27.968307,-82.973137,13024401,[],10.0,1.0,2016.0,0.7,1017.6,8.0,1.0,2711,186.0,-6.2,2.0,0.0,0.24,3.0,perhour,0.0,2543.0,C27J,[],75.51,adsb_icao,2.0,St. Petersburg Clearwater International Airport,KPIE,15.58
0.0,2700,2275.0,-960.0,A2,1,none,C2301   ,196.9,2.0,ae2237,36.318054,-76.07431,5480932,[],10.0,1.0,2016.0,272.81,1000.8,8.0,1.0,2301,186.0,-9.3,3.0,0.1,0.31,3.0,perhour,0.0,2012.0,CN35,[],95.54,adsb_icao,2.0,Elizabeth City Regional Airport & Coast Guard Air Station,KECG,5.96
0.0,25,150.0,0.0,A7,1,none,C6551   ,90.3,2.0,ae2689,25.746597,-80.141045,1588515,[],11.0,1.0,,,,10.0,1.0,6551,25.0,-5.0,2.0,0.7,0.75,3.0,perhour,0.0,4426.0,AS65,['baro_rate'],26.28,adsb_icao,2.0,Miami International Airport,KMIA,8.57
0.0,7475,,-7.0,,1,,,148.0,,ae223c,26.575752,-97.272697,4947657,"['gs', 'track', 'baro_rate', 'squawk', 'lat', 'lon', 'nic', 'rc']",,,,,,0.0,,2305,0.0,-22.3,,1.3,40.0,,,0.0,4521.0,CN35,[],110.0,mlat,,Valley International Airport,KHRL,29.23
0.0,1200,1300.0,0.0,A7,1,none,C6532   ,98.4,2.0,ae267a,42.505096,-124.295944,446706,[],11.0,1.0,,,,8.0,1.0,6532,186.0,-25.7,2.0,35.0,39.61,3.0,perhour,0.0,1200.0,AS65,[],95.25,adsb_icao,2.0,Jack Mc Namara Field Airport,KCEC,43.63
0.0,1350,1550.0,,A3,1,none,C2011   ,170.4,2.0,ae57d5,21.191162,-158.204666,2030360,[],9.0,2.0,1504.0,310.08,1016.8,9.0,1.0,2011,75.0,-25.2,2.0,0.2,0.38,3.0,perhour,0.0,2153.0,C30J,[],356.3,adsb_icao,2.0,Kalaeloa Airport,PHJR,10.26
0.0,900,1075.0,,A3,1,none,C2007   ,163.0,2.0,ae57d1,21.199656,-158.321838,3648343,[],9.0,2.0,,89.3,1016.8,9.0,1.0,2007,75.0,-29.1,2.0,0.9,0.87,3.0,perhour,0.0,1200.0,C30J,[],100.97,adsb_icao,2.0,Kalaeloa Airport,PHJR,15.51
0.0,400,525.0,,A7,1,none,C6607   ,87.8,2.0,ae26be,39.495941,-74.604691,5445729,[],11.0,1.0,,,,10.0,1.0,6607,25.0,-14.5,2.0,0.7,0.68,3.0,perhour,0.0,4437.0,AS65,[],137.77,adsb_icao,2.0,Atlantic City International Airport,KACY,2.63
0.0,3200,3125.0,,A7,1,none,C6047   ,172.3,2.0,ae4dff,44.698837,-85.845078,2528123,[],11.0,1.0,,,,10.0,1.0,6047,25.0,-15.2,2.0,0.2,0.2,3.0,perhour,0.0,1200.0,H60,[],74.51,adsb_icao,2.0,Cherry Capital Airport,KTVC,11.53
0.0,675,675.0,,A7,1,none,C6524   ,123.0,2.0,ae2672,36.346664,-76.182632,85287,[],11.0,1.0,,,,9.0,1.0,6524,75.0,-3.6,2.0,0.5,0.69,3.0,perhour,0.0,1200.0,AS65,[],180.93,adsb_icao,2.0,Elizabeth City Regional Airport & Coast Guard Air Station,KECG,5.17
0.0,2425,2525.0,128.0,A3,1,none,C2001   ,173.0,2.0,ae10e7,36.076962,-75.845108,8854725,[],10.0,1.0,,,,8.0,1.0,2001,186.0,-3.7,2.0,0.0,0.0,3.0,perhour,0.0,1200.0,C30J,[],285.08,adsb_icao,2.0,Elizabeth City Regional Airport & Coast Guard Air Station,KECG,19.42
0.0,75,200.0,0.0,A7,1,,C6593   ,116.9,,ae26b3,43.921143,-124.150871,917473,[],,1.0,,,,10.0,,6593,25.0,-9.8,,49.0,56.09,,,0.0,1200.0,AS65,[],194.87,adsb_icao,2.0,Southwest Oregon Regional Airport,KOTH,30.52
0.0,-25,125.0,448.0,A7,1,none,C6528   ,63.0,2.0,ae2676,30.042023,-81.68222,1387744,[],11.0,1.0,,,,10.0,1.0,6528,25.0,-13.0,2.0,2.7,2.74,3.0,perhour,0.0,1200.0,AS65,[],0.91,adsb_icao,2.0,Jacksonville Naval Air Station (Towers Field),KNIP,11.6
0.0,5025,5275.0,,A7,1,,C6035   ,96.8,2.0,ae2912,58.256241,-154.982712,11219575,[],11.0,1.0,,,,10.0,1.0,6035,25.0,-25.9,2.0,6.5,6.51,3.0,perhour,0.0,,H60,[],196.19,adsb_icao,2.0,King Salmon Airport,PAKN,58.39
0.0,3350,3475.0,-896.0,A2,1,none,C2701   ,125.0,2.0,ae2125,36.271084,-76.008148,157893,[],10.0,1.0,1504.0,270.7,1014.4,8.0,1.0,2701,186.0,-7.6,2.0,0.0,0.0,3.0,perhour,0.0,5327.0,C27J,[],230.19,adsb_icao,2.0,Elizabeth City Regional Airport & Coast Guard Air Station,KECG,8.1
0.0,1325,1575.0,,A7,1,none,C6037   ,133.3,2.0,ae2914,29.64344,-89.946358,4586556,[],11.0,1.0,,,,10.0,1.0,6037,25.0,-8.8,2.0,1.1,1.07,3.0,perhour,0.0,1277.0,H60,[],297.72,adsb_icao,2.0,New Orleans NAS JRB/Alvin Callender Field,KNBG,11.83
0.0,325,600.0,,A7,1,none,C6538   ,71.0,2.0,ae2680,21.584642,-158.296967,2567143,[],11.0,1.0,,,,10.0,1.0,6538,25.0,-18.8,2.0,1.9,1.88,3.0,perhour,0.0,1200.0,AS65,[],90.81,adsb_icao,2.0,Kalaeloa Airport,PHJR,20.88
0.0,ground,,,A7,1,none,C6042   ,8.8,,ae2919,27.913212,-82.692375,878734,[],11.0,1.0,,,,9.0,,6042,75.0,-5.4,2.0,1.7,1.69,3.0,perhour,0.0,124.0,H60,[],,adsb_icao,2.0,St. Petersburg Clearwater International Airport,KPIE,0.32
0.0,0,125.0,,A7,1,none,C6510   ,87.0,2.0,ae2664,39.323513,-74.500244,3486742,[],11.0,1.0,,,,10.0,1.0,6510,25.0,-20.9,2.0,0.7,2.31,3.0,perhour,0.0,4445.0,AS65,[],59.6,adsb_icao,2.0,Atlantic City International Airport,KACY,8.8
0.0,125,175.0,,A7,1,,C6537   ,95.8,2.0,ae267f,36.38723,-76.030769,103951,[],11.0,1.0,,,,8.0,1.0,6537,186.0,-5.4,2.0,1.6,1.55,3.0,perhour,0.0,,AS65,[],82.8,adsb_icao,2.0,Elizabeth City Regional Airport & Coast Guard Air Station,KECG,10.31
0.0,1900,1950.0,,A7,1,,C6054   ,113.4,,ae6ce8,18.429703,-66.219849,2254174,[],,1.0,,,,10.0,,6054,25.0,-26.9,,1.0,1.04,,,0.0,,H60,[],78.29,adsb_icao,2.0,Homestead ARB Airport,KHST,894.73
0.0,6775,7325.0,,A3,1,none,C2002   ,249.2,2.0,ae10e8,20.27457,-155.502289,5218453,[],9.0,2.0,,97.03,1022.4,9.0,1.0,2002,75.0,-1.5,2.0,3.8,3.81,3.0,perhour,0.0,2350.0,C30J,[],111.42,adsb_icao,2.0,Waimea Kohala Airport,PHMU,18.82
0.0,4050,4275.0,,A7,1,none,C6043   ,104.3,2.0,ae291a,59.532532,-151.556488,26290,[],11.0,1.0,,,,9.0,1.0,6043,75.0,-8.5,2.0,0.2,0.24,3.0,perhour,0.0,5556.0,H60,[],192.17,adsb_icao,2.0,Homer Airport,PAHO,7.13
0.0,13000,12975.0,,A3,1,none,C2014   ,301.1,2.0,ae5ded,58.355392,-154.68219,1917121,[],10.0,2.0,,92.81,1012.0,10.0,1.0,2014,25.0,-12.0,2.0,0.3,0.26,3.0,perhour,0.0,5162.0,C30J,[],107.59,adsb_icao,2.0,King Salmon Airport,PAKN,64.95
0.0,-50,75.0,-256.0,A7,1,none,C6568   ,45.0,2.0,ae269a,25.898825,-80.289986,5785662,[],11.0,1.0,,,,10.0,1.0,6568,25.0,-8.4,2.0,0.8,1.18,3.0,perhour,0.0,4425.0,AS65,['baro_rate'],87.46,adsb_icao,2.0,Miami-Opa Locka Executive Airport,KOPF,0.8
0.0,6075,6050.0,,A7,1,none,C6048   ,113.2,2.0,ae4e00,58.351135,-155.612656,48946,[],11.0,1.0,,,,10.0,1.0,6048,25.0,-6.1,2.0,0.3,0.68,3.0,perhour,0.0,5557.0,H60,[],109.08,adsb_icao,2.0,King Salmon Airport,PAKN,38.16
0.0,1000,1100.0,-128.0,A7,1,none,C6557   ,94.4,2.0,ae268f,30.494568,-88.188927,2523687,[],11.0,1.0,,,,9.0,1.0,6557,75.0,-10.7,2.0,0.7,0.66,3.0,perhour,0.0,1200.0,AS65,['baro_rate'],332.89,adsb_icao,2.0,Mobile Downtown Airport,KBFM,10.09
0.0,800,550.0,-128.0,A7,1,none,BRACE01 ,133.6,2.0,ae2669,32.697922,-117.372215,4258028,[],10.0,4.0,,,,8.0,1.0,6515,186.0,-15.2,2.0,0.1,0.14,3.0,perhour,0.0,1200.0,AS65,[],135.3,adsb_icao,2.0,North Island Naval Air Station-Halsey Field,KNZY,7.96
